{
    "name": "Global Information",
    "numberOfRequests": {
        "total": 23687,
        "ok": 7001,
        "ko": 16686
    },
    "minResponseTime": {
        "total": 273,
        "ok": 273,
        "ko": 410
    },
    "maxResponseTime": {
        "total": 60037,
        "ok": 25534,
        "ko": 60037
    },
    "meanResponseTime": {
        "total": 25742,
        "ok": 4959,
        "ko": 34463
    },
    "standardDeviation": {
        "total": 24747,
        "ok": 3454,
        "ko": 24639
    },
    "percentiles1": {
        "total": 10010,
        "ok": 4496,
        "ko": 34372
    },
    "percentiles2": {
        "total": 60003,
        "ok": 7632,
        "ko": 60007
    },
    "percentiles3": {
        "total": 60013,
        "ok": 10049,
        "ko": 60014
    },
    "percentiles4": {
        "total": 60016,
        "ok": 16271,
        "ko": 60016
    },
    "group1": {
    "name": "t < 800 ms",
    "count": 401,
    "percentage": 2
},
    "group2": {
    "name": "800 ms < t < 1200 ms",
    "count": 582,
    "percentage": 2
},
    "group3": {
    "name": "t > 1200 ms",
    "count": 6018,
    "percentage": 25
},
    "group4": {
    "name": "failed",
    "count": 16686,
    "percentage": 70
},
    "meanNumberOfRequestsPerSecond": {
        "total": 156.86754966887418,
        "ok": 46.36423841059602,
        "ko": 110.50331125827815
    }
}