{
    "name": "Global Information",
    "numberOfRequests": {
        "total": 7041,
        "ok": 4997,
        "ko": 2044
    },
    "minResponseTime": {
        "total": 299,
        "ok": 299,
        "ko": 2295
    },
    "maxResponseTime": {
        "total": 57836,
        "ok": 23400,
        "ko": 57836
    },
    "meanResponseTime": {
        "total": 10441,
        "ok": 3952,
        "ko": 26305
    },
    "standardDeviation": {
        "total": 12467,
        "ok": 4071,
        "ko": 11844
    },
    "percentiles1": {
        "total": 3666,
        "ok": 2585,
        "ko": 25048
    },
    "percentiles2": {
        "total": 17124,
        "ok": 4519,
        "ko": 35566
    },
    "percentiles3": {
        "total": 38424,
        "ok": 13814,
        "ko": 46591
    },
    "percentiles4": {
        "total": 49219,
        "ok": 18515,
        "ko": 54593
    },
    "group1": {
    "name": "t < 800 ms",
    "count": 634,
    "percentage": 9
},
    "group2": {
    "name": "800 ms < t < 1200 ms",
    "count": 186,
    "percentage": 3
},
    "group3": {
    "name": "t > 1200 ms",
    "count": 4177,
    "percentage": 59
},
    "group4": {
    "name": "failed",
    "count": 2044,
    "percentage": 29
},
    "meanNumberOfRequestsPerSecond": {
        "total": 106.68181818181819,
        "ok": 75.71212121212122,
        "ko": 30.96969696969697
    }
}